0,5,1.0,1.0,1.0
0,5,1.0,1.0,1.0
0,5,1.0,1.0,1.0
0,5,1.0,1.0,1.0
0,5,1.0,1.0,1.0
0,5,1.0,1.0,1.0
0,5,1.0,1.0,1.0
0,5,1.0,1.0,1.0
0,5,1.0,1.0,1.0
0,5,1.0,1.0,1.0
0,5,1.0,1.0,1.0
0,5,1.0,1.0,1.0
0,5,1.0,1.0,1.0
0,5,1.0,1.0,1.0
0,5,1.0,1.0,1.0
0,5,1.0,1.0,1.0
0,5,1.0,1.0,1.0
0,5,1.0,1.0,1.0
0,5,1.0,1.0,1.0
0,5,1.0,1.0,1.0
0,5,1.0,1.0,1.0
0,5,1.0,1.0,1.0
0,5,1.0,1.0,1.0
0,5,1.0,1.0,1.0
0,5,1.0,1.0,1.0
0,5,1.0,1.0,1.0
0,5,1.0,1.0,1.0
0,5,1.0,1.0,1.0
0,5,1.0,1.0,1.0
0,5,1.0,1.0,1.0
0,5,1.0,1.0,1.0
0,5,1.0,1.0,1.0
0,5,1.0,1.0,1.0
0,5,1.0,1.0,1.0
0,5,1.0,1.0,1.0
0,5,1.0,1.0,1.0
0,5,1.0,1.0,1.0
0,5,1.0,1.0,1.0
0,5,1.0,1.0,1.0
0,5,1.0,1.0,1.0
0,5,1.0,1.0,1.0
0,5,1.0,1.0,1.0
0,5,1.0,1.0,1.0
0,5,1.0,1.0,1.0
0,5,1.0,1.0,1.0
0,5,1.0,1.0,1.0
0,5,1.0,1.0,1.0
0,5,1.0,1.0,1.0
0,5,1.0,1.0,1.0
0,5,1.0,1.0,1.0
10.0,5,0.6634803125,0.42857142857142855,0.7798420924070291
10.0,5,0.8263815625,0.6666666666666666,0.8810467238777951
10.0,5,1.0,1.0,1.0
10.0,5,0.8263815625,0.6666666666666666,0.8810467238777951
10.0,5,0.3515613541666667,0.25,0.4986288643397025
10.0,5,0.6484386458333333,0.42857142857142855,0.7547149575512322
10.0,5,0.5989297916666666,0.42857142857142855,0.6831846999236931
10.0,5,0.6134803124999999,0.42857142857142855,0.7745042123844136
10.0,5,0.8263815625,0.6666666666666666,0.8810467238777951
10.0,5,0.7763815625,0.6666666666666666,0.8757088438551798
10.0,5,0.7375898958333333,0.6666666666666666,0.8341945053087162
10.0,5,0.7875898958333334,0.6666666666666666,0.848657551501872
10.0,5,0.8370987500000001,0.6666666666666666,0.9090935063548753
10.0,5,0.3515613541666667,0.25,0.4986288643397025
10.0,5,0.8370987500000001,0.6666666666666666,0.9090935063548753
10.0,5,0.7375898958333333,0.6666666666666666,0.9090935063548753
10.0,5,0.7375898958333333,0.6666666666666666,0.8341945053087162
10.0,5,0.8370987500000001,0.6666666666666666,0.9090935063548753
10.0,5,0.8370987500000001,0.6666666666666666,0.9090935063548753
10.0,5,0.5489297916666666,0.42857142857142855,0.6687216537305374
10.0,5,1.0,1.0,1.0
10.0,5,0.16290124999999997,0.1111111111111111,0.2349898771446934
10.0,5,0.8370987500000001,0.6666666666666666,0.9090935063548753
10.0,5,0.16290124999999997,0.1111111111111111,0.2349898771446934
10.0,5,1.0,1.0,1.0
10.0,5,0.7375898958333333,0.6666666666666666,0.8299464856806124
10.0,5,1.0,1.0,1.0
10.0,5,1.0,1.0,1.0
10.0,5,0.6246886458333333,0.42857142857142855,0.747452920031106
10.0,5,0.8370987500000001,0.6666666666666666,0.9090935063548753
10.0,5,0.37531135416666667,0.25,0.5512267151581907
10.0,5,0.8263815625,0.6666666666666666,0.9090935063548753
10.0,5,0.7375898958333333,0.6666666666666666,0.8341945053087162
10.0,5,0.7763815625,0.6666666666666666,0.8757088438551798
10.0,5,0.6139714583333332,0.42857142857142855,0.7783350834610179
10.0,5,0.32580249999999994,0.25,0.47243389378935585
10.0,5,0.95,1.0,0.9946621199773846
10.0,5,0.8263815625,0.6666666666666666,0.9090935063548753
10.0,5,0.8370987500000001,0.6666666666666666,0.9090935063548753
10.0,5,0.6484386458333333,0.42857142857142855,0.7547149575512322
10.0,5,0.7613398958333334,0.6666666666666666,0.9037556263322599
10.0,5,0.7870987500000001,0.6666666666666666,0.9037556263322599
10.0,5,0.7375898958333333,0.6666666666666666,0.8341945053087162
10.0,5,0.7375898958333333,0.6666666666666666,0.9090935063548753
10.0,5,0.8263815625,0.6666666666666666,0.9090935063548753
10.0,5,0.7983070833333334,0.6666666666666666,0.8975229193116958
10.0,5,1.0,1.0,1.0
10.0,5,0.8263815625,0.6666666666666666,0.9090935063548753
10.0,5,0.8370987500000001,0.6666666666666666,0.9090935063548753
10.0,5,1.0,1.0,1.0
20.0,5,0.16290124999999997,0.1111111111111111,0.2349898771446934
20.0,5,0.45107020833333344,0.25,0.5973966753563957
20.0,5,0.7613398958333334,0.6666666666666666,0.9037556263322599
20.0,5,0.37531135416666667,0.25,0.604658712876522
20.0,5,0.5144626041666666,0.42857142857142855,0.6867987955409025
20.0,5,0.16290124999999997,0.1111111111111111,0.37633986240239997
20.0,5,0.5989297916666666,0.42857142857142855,0.6831846999236931
20.0,5,0.5251797916666665,0.42857142857142855,0.6459262783958891
20.0,5,0.5639714583333333,0.42857142857142855,0.7168157714262533
20.0,5,0.6134803124999999,0.42857142857142855,0.7745042123844136
20.0,5,0.0,0.0,0.0
20.0,5,0.6139714583333332,0.42857142857142855,0.747452920031106
20.0,5,0.37531135416666667,0.25,0.5101389214879326
20.0,5,0.3515613541666667,0.25,0.4986288643397025
20.0,5,0.1736184375,0.1111111111111111,0.36187681620924417
20.0,5,0.5746886458333332,0.42857142857142855,0.7798420924070291
20.0,5,0.5596469791666665,0.42857142857142855,0.7393966463593906
20.0,5,0.5358969791666666,0.42857142857142855,0.7021077104080383
20.0,5,0.8113398958333334,0.6666666666666666,0.8559195890219983
20.0,5,0.3622785416666667,0.25,0.5512267151581907
20.0,5,0.8370987500000001,0.6666666666666666,0.9090935063548753
20.0,5,0.32580249999999994,0.25,0.47243389378935585
20.0,5,0.8133487500000001,0.6666666666666666,0.9075864974088641
20.0,5,0.16290124999999997,0.1111111111111111,0.2349898771446934
20.0,5,0.5402214583333332,0.42857142857142855,0.7053057142780231
20.0,5,0.7375898958333333,0.6666666666666666,0.8341945053087162
20.0,5,1.0,1.0,1.0
20.0,5,1.0,1.0,1.0
20.0,5,0.4010702083333334,0.25,0.5973966753563957
20.0,5,0.8263815625,0.6666666666666666,0.9090935063548753
20.0,5,0.37531135416666667,0.25,0.5512267151581907
20.0,5,0.7138398958333333,0.6666666666666666,0.8299464856806124
20.0,5,0.7268727083333333,0.6666666666666666,0.8296799816834328
20.0,5,0.4248202083333334,0.25,0.5993208328539066
20.0,5,0.38602854166666667,0.25,0.5656897613513464
20.0,5,0.32580249999999994,0.25,0.47243389378935585
20.0,5,0.7870987500000001,0.6666666666666666,0.9037556263322599
20.0,5,0.8113398958333334,0.6666666666666666,0.8559195890219983
20.0,5,0.7375898958333333,0.6666666666666666,0.9090935063548753
20.0,5,0.7725482291666668,0.6666666666666666,0.8478328009267346
20.0,5,0.5984386458333333,0.42857142857142855,0.7745042123844136
20.0,5,0.5746886458333332,0.42857142857142855,0.7493770775286168
20.0,5,0.5639714583333333,0.42857142857142855,0.7329898738379501
20.0,5,0.5639714583333333,0.42857142857142855,0.747452920031106
20.0,5,0.5989297916666666,0.42857142857142855,0.7466281694559684
20.0,5,0.7983070833333334,0.6666666666666666,0.8967250025334087
20.0,5,0.7613398958333334,0.6666666666666666,0.9037556263322599
20.0,5,0.6484386458333333,0.42857142857142855,0.7547149575512322
20.0,5,0.7375898958333333,0.6666666666666666,0.8950706304432301
20.0,5,0.7875898958333334,0.6666666666666666,0.9075864974088641
30.0,5,0.0,0.0,0.0
30.0,5,0.4010702083333334,0.25,0.5878107757056764
30.0,5,0.7763815625,0.6666666666666666,0.9037556263322599
30.0,5,0.3622785416666667,0.25,0.5973966753563957
30.0,5,0.5639714583333333,0.42857142857142855,0.6961805481074828
30.0,5,0.1736184375,0.1111111111111111,0.30011248934942036
30.0,5,0.37531135416666667,0.25,0.5101389214879326
30.0,5,0.1736184375,0.1111111111111111,0.30011248934942036
30.0,5,0.3365196875,0.25,0.5993208328539066
30.0,5,0.5877214583333332,0.42857142857142855,0.7745042123844136
30.0,5,0.0,0.0,0.0
30.0,5,0.26241010416666677,0.1111111111111111,0.37633986240239997
30.0,5,0.37531135416666667,0.25,0.5101389214879326
30.0,5,0.18866010416666668,0.1111111111111111,0.350366759061014
30.0,5,0.18866010416666668,0.1111111111111111,0.37633986240239997
30.0,5,0.16290124999999997,0.1111111111111111,0.2349898771446934
30.0,5,0.5251797916666665,0.42857142857142855,0.7378670203803867
30.0,5,0.3365196875,0.25,0.5375565059940828
30.0,5,0.8113398958333334,0.6666666666666666,0.8559195890219983
30.0,5,0.16290124999999997,0.1111111111111111,0.30011248934942036
30.0,5,0.7870987500000001,0.6666666666666666,0.9037556263322599
30.0,5,0.37531135416666667,0.25,0.5101389214879326
30.0,5,0.5489297916666666,0.42857142857142855,0.7783350834610179
30.0,5,0.16290124999999997,0.1111111111111111,0.2349898771446934
30.0,5,0.5402214583333332,0.42857142857142855,0.7053057142780231
30.0,5,0.37732020833333335,0.25,0.578685609535136
30.0,5,0.5639714583333333,0.42857142857142855,0.7783350834610179
30.0,5,0.5746886458333332,0.42857142857142855,0.7378670203803867
30.0,5,0.3622785416666667,0.25,0.5973966753563957
30.0,5,0.7725482291666668,0.6666666666666666,0.8420777723526196
30.0,5,0.16290124999999997,0.1111111111111111,0.36187681620924417
30.0,5,0.5489297916666666,0.42857142857142855,0.6853223010184396
30.0,5,0.5639714583333333,0.42857142857142855,0.7004285677355866
30.0,5,0.5639714583333333,0.42857142857142855,0.7168157714262533
30.0,5,0.37531135416666667,0.25,0.5656897613513464
30.0,5,0.47482020833333344,0.25,0.604658712876522
30.0,5,0.49942093749999983,0.42857142857142855,0.6365445258293089
30.0,5,0.6484386458333333,0.42857142857142855,0.7547149575512322
30.0,5,0.0,0.0,0.0
30.0,5,0.4253113541666667,0.25,0.5656897613513464
30.0,5,0.7375898958333333,0.6666666666666666,0.890291396215118
30.0,5,0.3622785416666667,0.25,0.5656897613513464
30.0,5,0.3622785416666667,0.25,0.5829336291632399
30.0,5,0.45107020833333344,0.25,0.5973966753563957
30.0,5,0.45107020833333344,0.25,0.5973966753563957
30.0,5,0.7983070833333334,0.6666666666666666,0.8967250025334087
30.0,5,0.5746886458333332,0.42857142857142855,0.747452920031106
30.0,5,0.38602854166666667,0.25,0.5656897613513464
30.0,5,0.1736184375,0.1111111111111111,0.30011248934942036
30.0,5,0.4360285416666667,0.25,0.5656897613513464
40.0,5,0.0,0.0,0.0
40.0,5,0.4010702083333334,0.25,0.5878107757056764
40.0,5,0.5746886458333332,0.42857142857142855,0.766855540736336
40.0,5,0.18866010416666668,0.1111111111111111,0.350366759061014
40.0,5,0.5251797916666665,0.42857142857142855,0.6961805481074828
40.0,5,0.1736184375,0.1111111111111111,0.30011248934942036
40.0,5,0.3365196875,0.25,0.5397166580099604
40.0,5,0.1736184375,0.1111111111111111,0.30011248934942036
40.0,5,0.1736184375,0.1111111111111111,0.36187681620924417
40.0,5,0.4010702083333334,0.25,0.5829336291632399
40.0,5,0.0,0.0,0.0
40.0,5,0.26241010416666677,0.1111111111111111,0.37633986240239997
40.0,5,0.0,0.0,0.0
40.0,5,0.3515613541666667,0.25,0.5397166580099604
40.0,5,0.18866010416666668,0.1111111111111111,0.37633986240239997
40.0,5,0.16290124999999997,0.1111111111111111,0.30011248934942036
40.0,5,0.0,0.0,0.0
40.0,5,0.3515613541666667,0.25,0.5397166580099604
40.0,5,0.6139714583333332,0.42857142857142855,0.7221536514488687
40.0,5,0.16290124999999997,0.1111111111111111,0.30011248934942036
40.0,5,0.5746886458333332,0.42857142857142855,0.7493770775286168
40.0,5,0.1736184375,0.1111111111111111,0.36187681620924417
40.0,5,0.16290124999999997,0.1111111111111111,0.2349898771446934
40.0,5,0.0,0.0,0.0
40.0,5,0.37732020833333335,0.25,0.5878107757056764
40.0,5,0.18866010416666668,0.1111111111111111,0.350366759061014
40.0,5,0.37531135416666667,0.25,0.604658712876522
40.0,5,0.3622785416666667,0.25,0.5397166580099604
40.0,5,0.3365196875,0.25,0.5878107757056764
40.0,5,0.3365196875,0.25,0.5656897613513464
40.0,5,0.3515613541666667,0.25,0.5101389214879326
40.0,5,0.5402214583333332,0.42857142857142855,0.6961805481074828
40.0,5,0.18866010416666668,0.1111111111111111,0.350366759061014
40.0,5,0.4010702083333334,0.25,0.5993208328539066
40.0,5,0.0,0.0,0.0
40.0,5,0.49942093749999983,0.42857142857142855,0.6514786588200154
40.0,5,0.3515613541666667,0.25,0.5397166580099604
40.0,5,0.4360285416666667,0.25,0.604658712876522
40.0,5,0.0,0.0,0.0
40.0,5,0.4253113541666667,0.25,0.5656897613513464
40.0,5,0.3515613541666667,0.25,0.578685609535136
40.0,5,0.347236875,0.25,0.5375565059940828
40.0,5,0.1736184375,0.1111111111111111,0.350366759061014
40.0,5,0.18866010416666668,0.1111111111111111,0.350366759061014
40.0,5,0.38602854166666667,0.25,0.5973966753563957
40.0,5,0.0,0.0,0.0
40.0,5,0.1736184375,0.1111111111111111,0.30011248934942036
40.0,5,0.4360285416666667,0.25,0.5656897613513464
40.0,5,0.1736184375,0.1111111111111111,0.30011248934942036
40.0,5,0.0,0.0,0.0
0,10,1.0,1.0,1.0
0,10,1.0,1.0,1.0
0,10,1.0,1.0,1.0
0,10,1.0,1.0,1.0
0,10,1.0,1.0,1.0
0,10,1.0,1.0,1.0
0,10,1.0,1.0,1.0
0,10,1.0,1.0,1.0
0,10,1.0,1.0,1.0
0,10,1.0,1.0,1.0
0,10,1.0,1.0,1.0
0,10,1.0,1.0,1.0
0,10,1.0,1.0,1.0
0,10,1.0,1.0,1.0
0,10,1.0,1.0,1.0
0,10,1.0,1.0,1.0
0,10,1.0,1.0,1.0
0,10,1.0,1.0,1.0
0,10,1.0,1.0,1.0
0,10,1.0,1.0,1.0
0,10,1.0,1.0,1.0
0,10,1.0,1.0,1.0
0,10,1.0,1.0,1.0
0,10,1.0,1.0,1.0
0,10,1.0,1.0,1.0
0,10,1.0,1.0,1.0
0,10,1.0,1.0,1.0
0,10,1.0,1.0,1.0
0,10,1.0,1.0,1.0
0,10,1.0,1.0,1.0
0,10,1.0,1.0,1.0
0,10,1.0,1.0,1.0
0,10,1.0,1.0,1.0
0,10,1.0,1.0,1.0
0,10,1.0,1.0,1.0
0,10,1.0,1.0,1.0
0,10,1.0,1.0,1.0
0,10,1.0,1.0,1.0
0,10,1.0,1.0,1.0
0,10,1.0,1.0,1.0
0,10,1.0,1.0,1.0
0,10,1.0,1.0,1.0
0,10,1.0,1.0,1.0
0,10,1.0,1.0,1.0
0,10,1.0,1.0,1.0
0,10,1.0,1.0,1.0
0,10,1.0,1.0,1.0
0,10,1.0,1.0,1.0
0,10,1.0,1.0,1.0
0,10,1.0,1.0,1.0
10.0,10,0.8865329694607453,0.8181818181818182,0.9209841181370446
10.0,10,0.8983637010234624,0.8181818181818182,0.9220239768727075
10.0,10,0.923674125502629,0.8181818181818182,0.9482891426657016
10.0,10,0.7578153674360708,0.5384615384615384,0.8519122211552771
10.0,10,0.6465961496508743,0.6666666666666666,0.7696813217895951
10.0,10,0.8084663618216179,0.6666666666666666,0.8689419244562687
10.0,10,0.6761834586784132,0.5384615384615384,0.7520946836763764
10.0,10,0.9032435794959233,1.0,0.9858996033784884
10.0,10,0.8882298574815787,0.8181818181818182,0.9138841758665566
10.0,10,0.7720378265260914,0.6666666666666666,0.8634511991742154
10.0,10,0.8858979088541666,1.0,0.977202523329833
10.0,10,0.8558863652940786,0.8181818181818182,0.896740225474062
10.0,10,0.9854067630208334,1.0,0.9996681021544583
10.0,10,0.5638221006743365,0.5384615384615384,0.6949047517516208
10.0,10,0.9223818220483725,0.8181818181818182,0.969595302289509
10.0,10,0.7384968162210318,0.6666666666666666,0.917112413715955
10.0,10,0.8725969753292565,1.0,0.9689342020558998
10.0,10,0.9288299965275392,0.8181818181818182,0.9702119842196708
10.0,10,0.9918549375000001,1.0,0.9999521279423533
10.0,10,0.6928940687135913,0.6666666666666666,0.7764474095042757
10.0,10,1.0,1.0,1.0
10.0,10,0.5271556785912201,0.5384615384615384,0.5678845783941363
10.0,10,0.9817210939581165,1.0,0.9992757134485546
10.0,10,0.4471441350311321,0.42857142857142855,0.5332124372377324
10.0,10,0.923674125502629,0.8181818181818182,0.9478258493788055
10.0,10,0.8762826443919736,1.0,0.9689127315453874
10.0,10,0.9919497228366971,1.0,0.9996008265112469
10.0,10,0.9326104509269532,0.8181818181818182,0.9700937957106336
10.0,10,0.7819538564051682,0.6666666666666666,0.9268946911123447
10.0,10,0.9053952194607453,0.8181818181818182,0.9435950582967757
10.0,10,0.6542827107095145,0.6666666666666666,0.7475763417820548
10.0,10,0.8983637010234624,0.8181818181818182,0.9678580857925538
10.0,10,0.8132577034195126,0.8181818181818182,0.9426791478649419
10.0,10,0.7720378265260914,0.6666666666666666,0.8628399312155225
10.0,10,0.8209606763527189,0.8181818181818182,0.9207327488957853
10.0,10,0.3987124310378379,0.3333333333333333,0.48169525126453094
10.0,10,0.95,1.0,0.9958521053718642
10.0,10,0.8919155265442957,0.8181818181818182,0.9559542196339653
10.0,10,0.9918549375000001,1.0,0.9999521279423533
10.0,10,0.868728797377629,0.8181818181818182,0.8849436692693138
10.0,10,0.8268738598776288,0.8181818181818182,0.9391672672492045
10.0,10,0.9354067630208334,1.0,0.9955202075263226
10.0,10,0.8806472524925595,1.0,0.9750403640573222
10.0,10,0.8095720343567956,0.8181818181818182,0.9702119842196708
10.0,10,0.9549404675167565,1.0,0.9880006696318825
10.0,10,0.8702892218567956,0.8181818181818182,0.9611026652173585
10.0,10,0.933289389964822,0.8181818181818182,0.9678580857925538
10.0,10,0.9613886419959232,1.0,0.9884786563120306
10.0,10,0.9186961529856554,0.8181818181818182,0.9671935318047454
10.0,10,1.0,1.0,1.0
20.0,10,0.43108069608977234,0.42857142857142855,0.5130967542499979
20.0,10,0.7352922212377884,0.6666666666666666,0.7995920979072211
20.0,10,0.6992218752485708,0.5384615384615384,0.8743621484624025
20.0,10,0.5149318952396825,0.42857142857142855,0.7503396104638015
20.0,10,0.5954019402411302,0.5384615384615384,0.7423165083588357
20.0,10,0.3013451450821335,0.25,0.4222296320071384
20.0,10,0.6761834586784132,0.5384615384615384,0.7525703875398823
20.0,10,0.6104837358417162,0.5384615384615384,0.7854674355554649
20.0,10,0.6316098608828868,0.5384615384615384,0.7516392628841093
20.0,10,0.6907339795117466,0.5384615384615384,0.8283354098795521
20.0,10,0.3796598006213882,0.3333333333333333,0.5067464343923989
20.0,10,0.683174848181777,0.5384615384615384,0.7881795829836707
20.0,10,0.7370567596860521,0.8181818181818182,0.7641412457303832
20.0,10,0.6305327107095144,0.6666666666666666,0.6844738107006095
20.0,10,0.40288665872197416,0.3333333333333333,0.6039579947157528
20.0,10,0.7207364892588387,0.6666666666666666,0.8673359503037639
20.0,10,0.6903103226886812,0.6666666666666666,0.7844305604238772
20.0,10,0.7545850280268259,0.8181818181818182,0.9076634611061739
20.0,10,0.8202970933843349,0.6666666666666666,0.8712533029464322
20.0,10,0.5942883961784132,0.5384615384615384,0.7412233288520067
20.0,10,0.7712950603525206,0.5384615384615384,0.874039128550904
20.0,10,0.3987124310378379,0.3333333333333333,0.47424192837003215
20.0,10,0.9536064858575304,1.0,0.9977877042992216
20.0,10,0.3841191940586712,0.3333333333333333,0.42277122000638845
20.0,10,0.6041741918201698,0.5384615384615384,0.7125447247824476
20.0,10,0.8682323672286706,1.0,0.9641286112347237
20.0,10,0.9128613429228765,0.8181818181818182,0.9439357474279375
20.0,10,0.933289389964822,0.8181818181818182,0.9702598562773174
20.0,10,0.699790672880258,0.6666666666666666,0.9012255907712399
20.0,10,0.8309741519504156,0.6666666666666666,0.917112413715955
20.0,10,0.6542827107095145,0.6666666666666666,0.7472436856397879
20.0,10,0.7910726907184027,0.8181818181818182,0.9280731285328505
20.0,10,0.7944902387562096,0.8181818181818182,0.9389654961508063
20.0,10,0.6435291293201698,0.5384615384615384,0.7463075481637341
20.0,10,0.5822258492329767,0.5384615384615384,0.7556251818060089
20.0,10,0.4654230410730158,0.42857142857142855,0.5943919921560936
20.0,10,0.8590808885234622,0.8181818181818182,0.966064089591535
20.0,10,0.8101632498424511,0.6666666666666666,0.8519512588561075
20.0,10,0.7465470933843348,0.6666666666666666,0.9368390456065511
20.0,10,0.8408446986274118,0.8181818181818182,0.8588980685552687
20.0,10,0.742402922880258,0.6666666666666666,0.891691117608503
20.0,10,0.7149672538175409,0.6666666666666666,0.8617661909365822
20.0,10,0.707935735380258,0.6666666666666666,0.8353176902270606
20.0,10,0.7709606763527188,0.8181818181818182,0.8799293961704502
20.0,10,0.8059190096860521,0.8181818181818182,0.9126477385843412
20.0,10,0.8035786118216177,0.6666666666666666,0.9077068086172091
20.0,10,0.8296363652940786,0.8181818181818182,0.9405426724732839
20.0,10,0.7887172538175411,0.6666666666666666,0.8326306098712583
20.0,10,0.726797985380258,0.6666666666666666,0.8969648641789022
20.0,10,0.7233883088699901,0.5384615384615384,0.8964489449410056
30.0,10,0.1474010926331349,0.1111111111111111,0.23659073975882255
30.0,10,0.6266318883659132,0.5384615384615384,0.757375539223681
30.0,10,0.7025647110744637,0.5384615384615384,0.8743621484624025
30.0,10,0.49545090826051585,0.42857142857142855,0.7675747555919242
30.0,10,0.644910794407797,0.5384615384615384,0.806687417764098
30.0,10,0.3076977244815476,0.25,0.5254943016109956
30.0,10,0.6029566005778273,0.5384615384615384,0.7299292169717471
30.0,10,0.40288665872197416,0.3333333333333333,0.5736764777070288
30.0,10,0.5487804340076697,0.5384615384615384,0.709137749393375
30.0,10,0.6553598608828869,0.5384615384615384,0.8283354098795521
30.0,10,0.3642753007178974,0.3333333333333333,0.5067464343923989
30.0,10,0.6294270381743365,0.5384615384615384,0.7675789148758551
30.0,10,0.5993080469003564,0.5384615384615384,0.763717931539783
30.0,10,0.5279147683922029,0.5384615384615384,0.60135432276382
30.0,10,0.32273939114821426,0.25,0.49902202561992914
30.0,10,0.3745039295964781,0.3333333333333333,0.4403622128057563
30.0,10,0.5863700197370535,0.5384615384615384,0.8025253310371192
30.0,10,0.6315544829842076,0.6666666666666666,0.7678213391763442
30.0,10,0.7375230444077971,0.5384615384615384,0.8100210620094952
30.0,10,0.51385474506631,0.5384615384615384,0.626085600175673
30.0,10,0.7160444039909134,0.5384615384615384,0.8656922743923685
30.0,10,0.5245471597018756,0.42857142857142855,0.6009742152787773
30.0,10,0.708957507654951,0.6666666666666666,0.9080650559506362
30.0,10,0.46044506855604217,0.42857142857142855,0.5557864203718289
30.0,10,0.6041741918201698,0.5384615384615384,0.6500335516890544
30.0,10,0.6498433903970144,0.6666666666666666,0.7850523313561045
30.0,10,0.699885458216955,0.6666666666666666,0.9042466560832199
30.0,10,0.7134022665186508,0.6666666666666666,0.8457515273313376
30.0,10,0.5701746800737505,0.5384615384615384,0.7131997856501481
30.0,10,0.7638398850921722,0.6666666666666666,0.8371228911404934
30.0,10,0.51385474506631,0.5384615384615384,0.6466638484909902
30.0,10,0.5301084761769654,0.42857142857142855,0.7276901631848758
30.0,10,0.5605346427471231,0.42857142857142855,0.7693078350890666
30.0,10,0.6279241918201699,0.5384615384615384,0.8545842326464805
30.0,10,0.5047980516977988,0.42857142857142855,0.6947574937010493
30.0,10,0.5610310728960815,0.3333333333333333,0.7032987895061387
30.0,10,0.5670593400495535,0.5384615384615384,0.697271825472419
30.0,10,0.7096288739037202,0.5384615384615384,0.7920324113678522
30.0,10,0.22372696713050588,0.17647058823529413,0.3936115479140041
30.0,10,0.6348095952578869,0.5384615384615384,0.7770598807051229
30.0,10,0.6584852726609437,0.5384615384615384,0.8314576458266186
30.0,10,0.5071497391012896,0.42857142857142855,0.6898702321869166
30.0,10,0.6412498982095145,0.6666666666666666,0.8155431862788179
30.0,10,0.6525181722612506,0.5384615384615384,0.8045634158053372
30.0,10,0.7300415648761813,0.6666666666666666,0.86306946067939
30.0,10,0.7325033936858538,0.5384615384615384,0.8727335829612612
30.0,10,0.5648036557679563,0.42857142857142855,0.6972327483302148
30.0,10,0.5886740237121434,0.5384615384615384,0.7581611204004981
30.0,10,0.3948363815586712,0.3333333333333333,0.5653107709683614
30.0,10,0.5157912317502481,0.3333333333333333,0.7081688488003399
40.0,10,0.14948465901171565,0.1111111111111111,0.40666570485950754
40.0,10,0.5253062495028583,0.42857142857142855,0.6704374699842105
40.0,10,0.7009873812547619,0.6666666666666666,0.8747545196646307
40.0,10,0.40551344012475193,0.3333333333333333,0.5933419212003161
40.0,10,0.5980688505778273,0.5384615384615384,0.8461371919015136
40.0,10,0.1727115171123016,0.1111111111111111,0.3405831686281734
40.0,10,0.4616417769305462,0.42857142857142855,0.638387746871093
40.0,10,0.2490373916096726,0.17647058823529413,0.4078441950298726
40.0,10,0.52457193256631,0.5384615384615384,0.7749499217076151
40.0,10,0.5326404722430462,0.42857142857142855,0.765985516066028
40.0,10,0.2141117026683128,0.17647058823529413,0.3936115479140041
40.0,10,0.5664020972018756,0.42857142857142855,0.7320080060959343
40.0,10,0.21687420808476246,0.17647058823529413,0.39092408155472974
40.0,10,0.42327376708694503,0.3333333333333333,0.5308307481069229
40.0,10,0.32273939114821426,0.25,0.5428842751523725
40.0,10,0.3636911470167255,0.3333333333333333,0.5693432160315266
40.0,10,0.13935081546983194,0.1111111111111111,0.3864828428676109
40.0,10,0.48104805169779874,0.42857142857142855,0.6309972127464435
40.0,10,0.6699110300421132,0.5384615384615384,0.7215119447918229
40.0,10,0.3680557551173114,0.3333333333333333,0.48513026228266853
40.0,10,0.643892035681777,0.5384615384615384,0.8014981971632129
40.0,10,0.5347057761081937,0.5384615384615384,0.6334224185494751
40.0,10,0.5336038530703867,0.5384615384615384,0.6500165673742869
40.0,10,0.3562250235545944,0.3333333333333333,0.4570272562792992
40.0,10,0.528639580247123,0.42857142857142855,0.712407492296738
40.0,10,0.4620902066180462,0.42857142857142855,0.6785003587267243
40.0,10,0.6638979751717076,0.6666666666666666,0.8822033496011478
40.0,10,0.5649240237121433,0.5384615384615384,0.7517737677753408
40.0,10,0.4680899514097128,0.42857142857142855,0.6496895603982228
40.0,10,0.5524661030703868,0.5384615384615384,0.798274616753855
40.0,10,0.43777221872941463,0.3333333333333333,0.6568234274325291
40.0,10,0.3872999837354074,0.25,0.5852892036124177
40.0,10,0.34248849915229107,0.25,0.5586733828243045
40.0,10,0.6197791293201699,0.5384615384615384,0.8545842326464805
40.0,10,0.2808223127034908,0.25,0.4272635106302463
40.0,10,0.5714239481501394,0.5384615384615384,0.7054247651208795
40.0,10,0.48104805169779874,0.42857142857142855,0.6340188633280692
40.0,10,0.5712844746390966,0.42857142857142855,0.7082152561707481
40.0,10,0.22581053350908661,0.17647058823529413,0.415879421183311
40.0,10,0.6348095952578869,0.5384615384615384,0.7893520492671686
40.0,10,0.5007971597018755,0.42857142857142855,0.752415807669512
40.0,10,0.3623725214269842,0.25,0.581533445957145
40.0,10,0.44179788358977234,0.42857142857142855,0.629927019176843
40.0,10,0.4620902066180462,0.42857142857142855,0.6975117155371137
40.0,10,0.5155152391977988,0.42857142857142855,0.757162182683492
40.0,10,0.20606142550500986,0.17647058823529413,0.37791456404519497
40.0,10,0.23137184998417654,0.17647058823529413,0.4811845773936069
40.0,10,0.5169887498678076,0.3333333333333333,0.6875167933356651
40.0,10,0.3750872735545944,0.3333333333333333,0.5653107709683614
40.0,10,0.34016158461323465,0.3333333333333333,0.5419627622498309
0,15,1.0,1.0,1.0
0,15,1.0,1.0,1.0
0,15,1.0,1.0,1.0
0,15,1.0,1.0,1.0
0,15,1.0,1.0,1.0
0,15,1.0,1.0,1.0
0,15,1.0,1.0,1.0
0,15,1.0,1.0,1.0
0,15,1.0,1.0,1.0
0,15,1.0,1.0,1.0
0,15,1.0,1.0,1.0
0,15,1.0,1.0,1.0
0,15,1.0,1.0,1.0
0,15,1.0,1.0,1.0
0,15,1.0,1.0,1.0
0,15,1.0,1.0,1.0
0,15,1.0,1.0,1.0
0,15,1.0,1.0,1.0
0,15,1.0,1.0,1.0
0,15,1.0,1.0,1.0
0,15,1.0,1.0,1.0
0,15,1.0,1.0,1.0
0,15,1.0,1.0,1.0
0,15,1.0,1.0,1.0
0,15,1.0,1.0,1.0
0,15,1.0,1.0,1.0
0,15,1.0,1.0,1.0
0,15,1.0,1.0,1.0
0,15,1.0,1.0,1.0
0,15,1.0,1.0,1.0
0,15,1.0,1.0,1.0
0,15,1.0,1.0,1.0
0,15,1.0,1.0,1.0
0,15,1.0,1.0,1.0
0,15,1.0,1.0,1.0
0,15,1.0,1.0,1.0
0,15,1.0,1.0,1.0
0,15,1.0,1.0,1.0
0,15,1.0,1.0,1.0
0,15,1.0,1.0,1.0
0,15,1.0,1.0,1.0
0,15,1.0,1.0,1.0
0,15,1.0,1.0,1.0
0,15,1.0,1.0,1.0
0,15,1.0,1.0,1.0
0,15,1.0,1.0,1.0
0,15,1.0,1.0,1.0
0,15,1.0,1.0,1.0
0,15,1.0,1.0,1.0
0,15,1.0,1.0,1.0
10.0,15,0.8251202212875421,0.6666666666666666,0.8981781619825783
10.0,15,0.9077193205947502,0.875,0.916496273782611
10.0,15,0.9023514443826893,0.7647058823529411,0.9412919611450848
10.0,15,0.8149701477966782,0.6666666666666666,0.9005385534232871
10.0,15,0.6833137978716314,0.7647058823529411,0.7917985816115213
10.0,15,0.8036691402289156,0.6666666666666666,0.8662552417579539
10.0,15,0.6596033963062062,0.5,0.7594370382055952
10.0,15,0.8253053717954826,0.7647058823529411,0.9576829282880854
10.0,15,0.8695221201924549,0.7647058823529411,0.9096529541590296
10.0,15,0.7762438094724798,0.6666666666666666,0.8656223210441931
10.0,15,0.8443830390407073,0.875,0.9661207516320982
10.0,15,0.7939369813195313,0.6666666666666666,0.870850853740482
10.0,15,0.9101900868623853,0.7647058823529411,0.9684041981474412
10.0,15,0.5824752351184908,0.5789473684210527,0.6885259723769768
10.0,15,0.9446523187713638,0.875,0.986253880178645
10.0,15,0.7733810998586479,0.7647058823529411,0.9359498928396658
10.0,15,0.7955469345876673,0.7647058823529411,0.9420215156472276
10.0,15,0.9146771553635491,0.7647058823529411,0.9741133165024246
10.0,15,0.9115467294150741,0.7647058823529411,0.9680188994306717
10.0,15,0.6535068738170486,0.5789473684210527,0.7281326216536581
10.0,15,0.9647668031836389,0.875,0.9873089601093095
10.0,15,0.547887121064846,0.5789473684210527,0.5879061714634473
10.0,15,0.9425762245291422,0.875,0.9844833564423613
10.0,15,0.44471953180167734,0.42857142857142855,0.5562548602721216
10.0,15,0.8680064145251796,0.6666666666666666,0.923664128840531
10.0,15,0.8004227447210045,0.7647058823529411,0.9454596592235488
10.0,15,0.9140115151362563,0.7647058823529411,0.971699792160886
10.0,15,0.9205359177924348,0.7647058823529411,0.9735780627078461
10.0,15,0.7789899993956071,0.6666666666666666,0.9270432621750602
10.0,15,0.8458158358706832,0.6666666666666666,0.9169997844659273
10.0,15,0.6450371807028553,0.6666666666666666,0.7894576271542544
10.0,15,0.9146442171043692,0.875,0.9697059817486505
10.0,15,0.7951931896429099,0.7647058823529411,0.9342067889358443
10.0,15,0.7672406049333892,0.6666666666666666,0.8604675726719401
10.0,15,0.7315911590302807,0.5789473684210527,0.9166653289332125
10.0,15,0.5242083579347194,0.5789473684210527,0.6668427014963231
10.0,15,0.8759734649121721,0.7647058823529411,0.9703640895443756
10.0,15,0.9174441906106239,0.875,0.9757204080630311
10.0,15,0.9115467294150741,0.7647058823529411,0.9701035851930052
10.0,15,0.8455727516745484,0.7647058823529411,0.8831278134588423
10.0,15,0.806975981517885,0.7647058823529411,0.9417634993312821
10.0,15,0.8966134247493667,0.875,0.9797667832388706
10.0,15,0.8352207100664873,0.875,0.9639337911171145
10.0,15,0.7954191931928055,0.7647058823529411,0.9741489776287952
10.0,15,0.8790805678457876,0.7647058823529411,0.9590374534692138
10.0,15,0.8107098382667335,0.6666666666666666,0.9449869491705124
10.0,15,0.9516482140752007,0.875,0.9822503569929668
10.0,15,0.9574769693833105,1.0,0.9893053449943571
10.0,15,0.9370549770960339,0.875,0.9862590375152136
10.0,15,0.9674883347256316,0.875,0.9873291660279944
20.0,15,0.42657778483084596,0.42857142857142855,0.5275760981250263
20.0,15,0.6917016613736195,0.5789473684210527,0.7739573434757551
20.0,15,0.7217866823053379,0.5789473684210527,0.8732555144785611
20.0,15,0.5582255267913133,0.5,0.7734659661731683
20.0,15,0.57017020448734,0.5,0.7352336228517232
20.0,15,0.29476654377249756,0.25,0.4276642309663467
20.0,15,0.6252583664486966,0.42857142857142855,0.7439122865186517
20.0,15,0.5897003085018828,0.5,0.7898161391376143
20.0,15,0.6472497714300349,0.5789473684210527,0.7647971340941722
20.0,15,0.6673356083410975,0.5,0.8249416279639948
20.0,15,0.432309051744307,0.42857142857142855,0.5462752435132004
20.0,15,0.629879755567575,0.42857142857142855,0.7794121959909579
20.0,15,0.6801989076379826,0.6666666666666666,0.7524790391475339
20.0,15,0.5595220174974548,0.5,0.6442982339451793
20.0,15,0.5659857828197024,0.6666666666666666,0.6790529264522557
20.0,15,0.7141059030829954,0.6666666666666666,0.9076222273798096
20.0,15,0.6861563246085,0.6666666666666666,0.798684351408586
20.0,15,0.7337989827082305,0.7647058823529411,0.9030247244695179
20.0,15,0.7441948682457973,0.5,0.8411643926084073
20.0,15,0.5326333225376416,0.42857142857142855,0.598767677297911
20.0,15,0.8275616737542764,0.6666666666666666,0.9151521055799583
20.0,15,0.4932280831317233,0.5,0.5424018472847824
20.0,15,0.8801165865710467,0.7647058823529411,0.9701369115818056
20.0,15,0.3979751069101233,0.36363636363636365,0.5322131074694337
20.0,15,0.658362497192454,0.6666666666666666,0.7705492604125369
20.0,15,0.7622308026678182,0.6666666666666666,0.9255855016496216
20.0,15,0.855360267362286,0.6666666666666666,0.9200254608744339
20.0,15,0.8420865080592429,0.5789473684210527,0.9415297662204534
20.0,15,0.6995483474126896,0.6666666666666666,0.783452809067968
20.0,15,0.8566102876026103,0.7647058823529411,0.9205068299465629
20.0,15,0.6151404592593026,0.5789473684210527,0.802243724562154
20.0,15,0.6646366119964623,0.5,0.8751276845477853
20.0,15,0.7032873568506304,0.5789473684210527,0.9001694386557074
20.0,15,0.6508090588407482,0.5789473684210527,0.7563862672632421
20.0,15,0.5659973180182771,0.5,0.6524424757411821
20.0,15,0.5361368059725373,0.5789473684210527,0.5743844337290399
20.0,15,0.8753614046043692,0.875,0.9731039012583074
20.0,15,0.7752243633598657,0.5789473684210527,0.8516341791371311
20.0,15,0.7080480654466437,0.5789473684210527,0.7859773603188691
20.0,15,0.740638612182742,0.5789473684210527,0.8252764374428136
20.0,15,0.7728388981039171,0.7647058823529411,0.9396908291613715
20.0,15,0.6746348612967088,0.5789473684210527,0.8553036344186425
20.0,15,0.7419318520590223,0.7647058823529411,0.8501025149559932
20.0,15,0.7549744706055876,0.7647058823529411,0.8783314900668667
20.0,15,0.7186278003930857,0.5789473684210527,0.8928971939499372
20.0,15,0.6567080189385891,0.36363636363636365,0.8379389686315541
20.0,15,0.8085586276204696,0.7647058823529411,0.944329969311505
20.0,15,0.8209865936243412,0.7647058823529411,0.8413076765386317
20.0,15,0.7635156336010152,0.7647058823529411,0.9242052185570637
20.0,15,0.7757432496591332,0.6666666666666666,0.9241688200173724
30.0,15,0.29427168551616345,0.30434782608695654,0.3536627226185387
30.0,15,0.6408367143961106,0.5789473684210527,0.7672342807518105
30.0,15,0.7179596781752812,0.5789473684210527,0.8871210049637672
30.0,15,0.5319262310137045,0.5,0.6720993723176807
30.0,15,0.5814223561838843,0.42857142857142855,0.7798218114900167
30.0,15,0.3050307957845244,0.25,0.5847697041567264
30.0,15,0.5431348915201968,0.42857142857142855,0.7091645010833227
30.0,15,0.4552442174898794,0.42857142857142855,0.6194212173450099
30.0,15,0.5757935494783938,0.5789473684210527,0.7866759110968191
30.0,15,0.5937047872421153,0.42857142857142855,0.7903322187235469
30.0,15,0.41781271879966775,0.42857142857142855,0.5335095673458576
30.0,15,0.5698502725630366,0.42857142857142855,0.7455390882011568
30.0,15,0.6135128729305539,0.5789473684210527,0.8044233567744282
30.0,15,0.5089647056355107,0.5,0.6516806952529837
30.0,15,0.5081090119689338,0.5789473684210527,0.6025576334794501
30.0,15,0.49792154846388803,0.5789473684210527,0.5319527664416059
30.0,15,0.5330749271228515,0.42857142857142855,0.8390531460534943
30.0,15,0.6246789533620337,0.6666666666666666,0.7387039232362719
30.0,15,0.6777013353501665,0.42857142857142855,0.7620741342733258
30.0,15,0.41968800615116975,0.36363636363636365,0.5342640786157518
30.0,15,0.8048226826670379,0.7647058823529411,0.9242684871837956
30.0,15,0.5266774525975546,0.42857142857142855,0.5903665665630123
30.0,15,0.6632886397613105,0.5789473684210527,0.8998793433979304
30.0,15,0.38908546216523743,0.30434782608695654,0.5342715223929292
30.0,15,0.652080824195356,0.6666666666666666,0.7153124378876559
30.0,15,0.6125345035299437,0.5789473684210527,0.8382272220503743
30.0,15,0.5945297351473856,0.42857142857142855,0.8687495147498554
30.0,15,0.5990433389099908,0.42857142857142855,0.811553511881742
30.0,15,0.585569647174568,0.5789473684210527,0.7417473076108673
30.0,15,0.7506826824729002,0.6666666666666666,0.8110931128521243
30.0,15,0.46120287596462906,0.42857142857142855,0.5931927032330059
30.0,15,0.5990954642045228,0.5789473684210527,0.8780609208847544
30.0,15,0.5211500658293428,0.36363636363636365,0.7640212823835457
30.0,15,0.6394074863083745,0.5789473684210527,0.8620785578351648
30.0,15,0.5069283445934778,0.42857142857142855,0.6822260857832924
30.0,15,0.579686825318998,0.36363636363636365,0.7385080190404838
30.0,15,0.6311390169197799,0.6666666666666666,0.7541800947630318
30.0,15,0.7321936809604873,0.5789473684210527,0.8438030089132756
30.0,15,0.30444219309259857,0.30434782608695654,0.422473039541665
30.0,15,0.5803243615730648,0.42857142857142855,0.7682263119657079
30.0,15,0.6356235372916388,0.5,0.8314842402463408
30.0,15,0.49844346287473684,0.42857142857142855,0.7901081762853479
30.0,15,0.6731677068588073,0.7647058823529411,0.7130114702696682
30.0,15,0.6980548042519514,0.6666666666666666,0.8448621124903714
30.0,15,0.6590308716641216,0.5,0.845572333062917
30.0,15,0.672926628074554,0.42857142857142855,0.839495712003505
30.0,15,0.6018156143224892,0.5,0.8128537566858451
30.0,15,0.5697239609554512,0.5,0.7327353816777972
30.0,15,0.40840060205510975,0.36363636363636365,0.6820969649190236
30.0,15,0.5723521554857797,0.42857142857142855,0.7240961100932317
40.0,15,0.3327785897817256,0.36363636363636365,0.4845692194255247
40.0,15,0.5208033382439319,0.42857142857142855,0.6913796642057325
40.0,15,0.6553185133611212,0.5789473684210527,0.875221348934106
40.0,15,0.4239242491013378,0.36363636363636365,0.611081935976362
40.0,15,0.5364137769370556,0.42857142857142855,0.6881604702472138
40.0,15,0.25064710683398006,0.2,0.48860657174383776
40.0,15,0.49811709968373485,0.5,0.6916844527067714
40.0,15,0.36646764781376023,0.36363636363636365,0.5541578762298108
40.0,15,0.4712768399521081,0.42857142857142855,0.7694578662895871
40.0,15,0.5308590925261125,0.42857142857142855,0.7682048350583665
40.0,15,0.3402534710564775,0.36363636363636365,0.4713726420561397
40.0,15,0.559529185558464,0.42857142857142855,0.7452285212460745
40.0,15,0.3797310067149222,0.42857142857142855,0.6939080001862326
40.0,15,0.48047791433499754,0.42857142857142855,0.5972091385178465
40.0,15,0.39830236250664536,0.36363636363636365,0.6675371714852775
40.0,15,0.4503937356421404,0.5,0.5211386975206032
40.0,15,0.32056643821037023,0.36363636363636365,0.6725970899820448
40.0,15,0.5563167127224541,0.5789473684210527,0.7255902541648551
40.0,15,0.5757442911269729,0.36363636363636365,0.6770249271032146
40.0,15,0.3909148725078542,0.36363636363636365,0.5316440663918283
40.0,15,0.6917986680569632,0.6666666666666666,0.836832193767559
40.0,15,0.548910602138391,0.5789473684210527,0.6058537954579969
40.0,15,0.5517203517131969,0.5789473684210527,0.6546848817293535
40.0,15,0.37008093640604656,0.36363636363636365,0.545316962885044
40.0,15,0.5629300072596632,0.5,0.7439463274914171
40.0,15,0.42779716162674375,0.36363636363636365,0.6960988420578603
40.0,15,0.5558207205601455,0.42857142857142855,0.848400493101604
40.0,15,0.544783819884831,0.5,0.7457716292462084
40.0,15,0.5457286128188534,0.5789473684210527,0.7191035261508019
40.0,15,0.5296043677010818,0.5,0.6715322835398877
40.0,15,0.46063133611995744,0.36363636363636365,0.5826586989394479
40.0,15,0.49745292839767874,0.42857142857142855,0.7729195409999207
40.0,15,0.37470323611412176,0.30434782608695654,0.598583609490934
40.0,15,0.6294290592252334,0.5789473684210527,0.8620785578351648
40.0,15,0.3870635847531494,0.42857142857142855,0.41391049353531856
40.0,15,0.5461922123963492,0.5,0.7034343102868905
40.0,15,0.5595748800657909,0.5789473684210527,0.6800272987433813
40.0,15,0.4954765598343349,0.30434782608695654,0.7099699627683144
40.0,15,0.271935786167339,0.25,0.3917199183218966
40.0,15,0.5731545216171152,0.42857142857142855,0.7601190932028711
40.0,15,0.49184594002899223,0.42857142857142855,0.7584875078739457
40.0,15,0.39666556641828654,0.30434782608695654,0.6209153161543504
40.0,15,0.478273206342961,0.5,0.6162957316839804
40.0,15,0.49584399782924227,0.5,0.6293367984013724
40.0,15,0.5086423275543871,0.42857142857142855,0.819806338497216
40.0,15,0.32621321325109015,0.36363636363636365,0.4714624532313195
40.0,15,0.2846669425983785,0.25,0.436901511689137
40.0,15,0.5672680006062412,0.42857142857142855,0.6619624514909473
40.0,15,0.3865731860215613,0.36363636363636365,0.6397804949389239
40.0,15,0.35164749708020154,0.36363636363636365,0.48921739497619826
0,20,1.0000000000000002,1.0,1.0
0,20,1.0000000000000002,1.0,1.0
0,20,1.0000000000000002,1.0,1.0
0,20,1.0000000000000002,1.0,1.0
0,20,1.0000000000000002,1.0,1.0
0,20,1.0000000000000002,1.0,1.0
0,20,1.0000000000000002,1.0,1.0
0,20,1.0000000000000002,1.0,1.0
0,20,1.0000000000000002,1.0,1.0
0,20,1.0000000000000002,1.0,1.0
0,20,1.0000000000000002,1.0,1.0
0,20,1.0000000000000002,1.0,1.0
0,20,1.0000000000000002,1.0,1.0
0,20,1.0000000000000002,1.0,1.0
0,20,1.0000000000000002,1.0,1.0
0,20,1.0000000000000002,1.0,1.0
0,20,1.0000000000000002,1.0,1.0
0,20,1.0000000000000002,1.0,1.0
0,20,1.0000000000000002,1.0,1.0
0,20,1.0000000000000002,1.0,1.0
0,20,1.0000000000000002,1.0,1.0
0,20,1.0000000000000002,1.0,1.0
0,20,1.0000000000000002,1.0,1.0
0,20,1.0000000000000002,1.0,1.0
0,20,1.0000000000000002,1.0,1.0
0,20,1.0000000000000002,1.0,1.0
0,20,1.0000000000000002,1.0,1.0
0,20,1.0000000000000002,1.0,1.0
0,20,1.0000000000000002,1.0,1.0
0,20,1.0000000000000002,1.0,1.0
0,20,1.0000000000000002,1.0,1.0
0,20,1.0000000000000002,1.0,1.0
0,20,1.0000000000000002,1.0,1.0
0,20,1.0000000000000002,1.0,1.0
0,20,1.0000000000000002,1.0,1.0
0,20,1.0000000000000002,1.0,1.0
0,20,1.0000000000000002,1.0,1.0
0,20,1.0000000000000002,1.0,1.0
0,20,1.0000000000000002,1.0,1.0
0,20,1.0000000000000002,1.0,1.0
0,20,1.0000000000000002,1.0,1.0
0,20,1.0000000000000002,1.0,1.0
0,20,1.0000000000000002,1.0,1.0
0,20,1.0000000000000002,1.0,1.0
0,20,1.0000000000000002,1.0,1.0
0,20,1.0000000000000002,1.0,1.0
0,20,1.0000000000000002,1.0,1.0
0,20,1.0000000000000002,1.0,1.0
0,20,1.0000000000000002,1.0,1.0
0,20,1.0000000000000002,1.0,1.0
10.0,20,0.8214663599350915,0.6666666666666666,0.893634829169375
10.0,20,0.892419784426473,0.8181818181818182,0.9123557497135232
10.0,20,0.9176516505064218,0.8181818181818182,0.9494557275934812
10.0,20,0.8585472054612028,0.8181818181818182,0.9193963451403226
10.0,20,0.6736358569831666,0.7391304347826086,0.7916907777582077
10.0,20,0.8260387267267101,0.7391304347826086,0.8915641772296455
10.0,20,0.6700882957018794,0.5384615384615384,0.8181860542792573
10.0,20,0.8571503672947627,0.9047619047619048,0.9753700422085569
10.0,20,0.8598441793039903,0.7391304347826086,0.9041132786294105
10.0,20,0.8198208671370044,0.8181818181818182,0.886187116489237
10.0,20,0.8514524194147692,0.9047619047619048,0.9731216066589661
10.0,20,0.8151451224417169,0.7391304347826086,0.8797214714549717
10.0,20,0.9243288476105089,0.8181818181818182,0.9748006927966733
10.0,20,0.6068490359429634,0.6666666666666666,0.7295668864946497
10.0,20,0.9293527826030865,0.8181818181818182,0.980115048381183
10.0,20,0.7214212614630309,0.6,0.9096807664801507
10.0,20,0.8307601216762132,0.9047619047619048,0.9651432097452005
10.0,20,0.951184832654012,0.9047619047619048,0.9879804481921445
10.0,20,0.9246401893251499,0.8181818181818182,0.9782889293295715
10.0,20,0.6653726507640567,0.6,0.7428158387109547
10.0,20,0.9942051001000398,1.0,0.9999653485727791
10.0,20,0.6360197299930944,0.9047619047619048,0.7733425063559952
10.0,20,0.9496456049032043,0.9047619047619048,0.9860597122667564
10.0,20,0.4832320933742736,0.5384615384615384,0.5812401089288061
10.0,20,0.8916704912248908,0.7391304347826086,0.9372913455399939
10.0,20,0.8123547592554714,0.8181818181818182,0.9497022992328431
10.0,20,0.9278639361657396,0.8181818181818182,0.9803338849420009
10.0,20,0.9557491048809805,0.9047619047619048,0.9923578902104299
10.0,20,0.8016459256120418,0.7391304347826086,0.9492288594933654
10.0,20,0.8869369579576821,0.8181818181818182,0.9385437371127543
10.0,20,0.661296300315218,0.7391304347826086,0.7993483285854561
10.0,20,0.9189713221822648,0.9047619047619048,0.9753933101536355
10.0,20,0.8068760148135077,0.8181818181818182,0.9389329789320606
10.0,20,0.8272294071471533,0.9047619047619048,0.9324330367134935
10.0,20,0.7836853821631165,0.7391304347826086,0.9469281112649036
10.0,20,0.6147969024404936,0.9047619047619048,0.7727016657908428
10.0,20,0.8911575264983437,0.8181818181818182,0.9779321425507593
10.0,20,0.9056458908579204,0.8181818181818182,0.9708207739624131
10.0,20,0.9268469355388066,0.8181818181818182,0.9776728682071516
10.0,20,0.8611592975169212,0.8181818181818182,0.8904645881919409
10.0,20,0.8173271661317946,0.8181818181818182,0.9487393488203484
10.0,20,0.8861096151985802,0.8181818181818182,0.980243707128213
10.0,20,0.8457913268561228,0.9047619047619048,0.9708416062221393
10.0,20,0.7874382267624591,0.7391304347826086,0.9684402952373403
10.0,20,0.9159907293924516,0.9047619047619048,0.974302600495002
10.0,20,0.8093957679542478,0.6666666666666666,0.9524485536555163
10.0,20,0.9361953830145912,0.8181818181818182,0.9763160643102502
10.0,20,0.9574769693833105,1.0,0.9897991976354791
10.0,20,0.9279989526394967,0.8181818181818182,0.9833171662535897
10.0,20,0.955690034972928,0.8181818181818182,0.9819048427199052
20.0,20,0.44413206460058097,0.48148148148148145,0.5432931441619651
20.0,20,0.7637088654712687,0.8181818181818182,0.851841893194643
20.0,20,0.7526734342714436,0.6666666666666666,0.8863846178923976
20.0,20,0.5996828955470546,0.6,0.8151617830090964
20.0,20,0.6428499823549789,0.7391304347826086,0.7884176105580473
20.0,20,0.40183431002181574,0.48148148148148145,0.5606271545896443
20.0,20,0.6673883089744275,0.5384615384615384,0.7684152224049945
20.0,20,0.6861967880061101,0.8181818181818182,0.8896662616132075
20.0,20,0.6951539341724553,0.7391304347826086,0.8157375031092176
20.0,20,0.7426246166785944,0.7391304347826086,0.9051871919753326
20.0,20,0.4747253339886782,0.5384615384615384,0.6032401441139806
20.0,20,0.6922090187767597,0.6,0.8110843547827983
20.0,20,0.6753836009099232,0.6666666666666666,0.8043552995170268
20.0,20,0.6147819003325775,0.6666666666666666,0.6764400497917746
20.0,20,0.6021578833968784,0.8181818181818182,0.7531850583129167
20.0,20,0.7114973425685927,0.6666666666666666,0.9068871802760565
20.0,20,0.7048713797983884,0.7391304347826086,0.8395107661581509
20.0,20,0.7457309972426974,0.8181818181818182,0.914786234394851
20.0,20,0.7817485163297635,0.6,0.8654472382469727
20.0,20,0.5797122865731955,0.5384615384615384,0.7025317015717913
20.0,20,0.8725865165130502,0.8181818181818182,0.9617320622292663
20.0,20,0.5310309205795585,0.6,0.5750852409978576
20.0,20,0.874342366354357,0.7391304347826086,0.9654644109690984
20.0,20,0.4897426670357089,0.6,0.576428811021382
20.0,20,0.6358409557132381,0.6,0.7602045540313564
20.0,20,0.7620781777309412,0.6666666666666666,0.9304308770125231
20.0,20,0.8804721291562465,0.7391304347826086,0.9297979425904612
20.0,20,0.8452528377169852,0.6,0.9397836546765451
20.0,20,0.6773131456521139,0.6,0.783225732329849
20.0,20,0.8469323467141456,0.7391304347826086,0.9137750873916496
20.0,20,0.6196012791189618,0.6,0.811170648794823
20.0,20,0.683571769317532,0.5384615384615384,0.8869441235865719
20.0,20,0.7553815799834662,0.7391304347826086,0.9204565001550725
20.0,20,0.695211985167595,0.7391304347826086,0.8698101809355643
20.0,20,0.5998964347943373,0.6,0.668668359646015
20.0,20,0.6281731355725607,0.9047619047619048,0.7503959568890999
20.0,20,0.8372904676375514,0.7391304347826086,0.959456421624286
20.0,20,0.8258708013984523,0.7391304347826086,0.8743018629229475
20.0,20,0.7351641415672825,0.6666666666666666,0.8161597591881588
20.0,20,0.7517454280103424,0.6,0.8341976032026103
20.0,20,0.7631609572154525,0.7391304347826086,0.9363357086802259
20.0,20,0.6979633612831335,0.6666666666666666,0.8686733917926677
20.0,20,0.7833885508593081,0.9047619047619048,0.9246202707203928
20.0,20,0.7406338479259406,0.7391304347826086,0.8766804557210643
20.0,20,0.7895897036526869,0.8181818181818182,0.9307070676005991
20.0,20,0.7474302782261268,0.6,0.8984319675192096
20.0,20,0.8000421321076139,0.7391304347826086,0.9418413587697887
20.0,20,0.8351253543724648,0.8181818181818182,0.8504575204050047
20.0,20,0.7776543943491387,0.8181818181818182,0.9640895863968024
20.0,20,0.7770384098165055,0.6666666666666666,0.9421314075651728
30.0,20,0.3505403887900181,0.42857142857142855,0.4989710440745815
30.0,20,0.7101016431975935,0.8181818181818182,0.8513213040705937
30.0,20,0.7675608153758199,0.7391304347826086,0.9063399991685214
30.0,20,0.5694798790976707,0.6,0.6989474470921683
30.0,20,0.6637807448954431,0.6666666666666666,0.8176539158409143
30.0,20,0.38868434465345547,0.42857142857142855,0.6118517005598777
30.0,20,0.585551173764568,0.5384615384615384,0.7468623269524701
30.0,20,0.5428008170751302,0.6666666666666666,0.7418511458782876
30.0,20,0.6226895617375376,0.7391304347826086,0.8204217449141572
30.0,20,0.6760631759536742,0.6666666666666666,0.8538682210852199
30.0,20,0.4364122994074507,0.48148148148148145,0.5296248094877126
30.0,20,0.63334098114783,0.6,0.7943388721340825
30.0,20,0.5993552020273167,0.5384615384615384,0.7989793236917035
30.0,20,0.5627768033763842,0.6666666666666666,0.6706144712221617
30.0,20,0.5552542135919467,0.7391304347826086,0.6755114623577775
30.0,20,0.5212500484503126,0.6666666666666666,0.5597830423722386
30.0,20,0.5982626101657632,0.6,0.7613718208715288
30.0,20,0.6444393093899701,0.7391304347826086,0.7585627861031619
30.0,20,0.7400305985593512,0.6,0.8319092737039698
30.0,20,0.46747669431148464,0.48148148148148145,0.6263566885859608
30.0,20,0.7964392319804903,0.7391304347826086,0.9538519638656722
30.0,20,0.5866669247667742,0.6,0.6474331932801
30.0,20,0.7091393511824063,0.7391304347826086,0.941127535763282
30.0,20,0.5054955925897332,0.6,0.6174328351373333
30.0,20,0.62955928271614,0.6,0.7047590632487758
30.0,20,0.6408120250261913,0.6666666666666666,0.8097146319341972
30.0,20,0.6831316355706843,0.6666666666666666,0.9203342024432497
30.0,20,0.596970977433553,0.42857142857142855,0.815648779479991
30.0,20,0.5939341877060023,0.6,0.7684102303887479
30.0,20,0.7445728855429237,0.6666666666666666,0.8075123548605124
30.0,20,0.5224868383357657,0.6,0.6400510063655076
30.0,20,0.586385578395535,0.5384615384615384,0.8712830584290198
30.0,20,0.6105778349149633,0.6,0.8364837992054287
30.0,20,0.6838104126352212,0.7391304347826086,0.9030300216177016
30.0,20,0.5881252879294278,0.6666666666666666,0.7518534155723239
30.0,20,0.6465923829699471,0.5384615384615384,0.8047743678173158
30.0,20,0.6260745208278514,0.6666666666666666,0.7658202920587838
30.0,20,0.7842879040933232,0.7391304347826086,0.864334541333733
30.0,20,0.40053685829607977,0.5384615384615384,0.5224319477932657
30.0,20,0.6465573454540243,0.6,0.8240761840234072
30.0,20,0.672131884537557,0.6,0.8490433648175113
30.0,20,0.560486386365281,0.6,0.8061277246716789
30.0,20,0.6684387874801656,0.7391304347826086,0.773323294759219
30.0,20,0.698188519033715,0.6666666666666666,0.846430154464292
30.0,20,0.7343198800016185,0.7391304347826086,0.8981265489265678
30.0,20,0.6926876540579456,0.48148148148148145,0.8580339857645776
30.0,20,0.6172495352279853,0.5384615384615384,0.8069220453610118
30.0,20,0.5627889653186081,0.48148148148148145,0.7346866563168901
30.0,20,0.4606285399697091,0.48148148148148145,0.717006947884947
30.0,20,0.613723136892103,0.5384615384615384,0.7655079633366956
40.0,20,0.35949285160161837,0.42857142857142855,0.54352611682061
40.0,20,0.560477345192137,0.5384615384615384,0.7187623154286519
40.0,20,0.6835960348573689,0.6666666666666666,0.9071198350214805
40.0,20,0.4922775918465363,0.5384615384615384,0.711596277729788
40.0,20,0.5574692931223645,0.48148148148148145,0.7043536688189577
40.0,20,0.34096755182077176,0.3793103448275862,0.5940351952197994
40.0,20,0.5074405537037991,0.5384615384615384,0.7079705750149243
40.0,20,0.4333732054647095,0.5384615384615384,0.6918928743492199
40.0,20,0.5532327444074656,0.6666666666666666,0.8595996397128656
40.0,20,0.5732753747704837,0.5384615384615384,0.810764292366918
40.0,20,0.40470309312990105,0.5384615384615384,0.545048196392302
40.0,20,0.600497682708586,0.5384615384615384,0.7834639656474804
40.0,20,0.37841760635789184,0.42857142857142855,0.6367413479846303
40.0,20,0.5201519212832026,0.5384615384615384,0.6779670830511098
40.0,20,0.46886245146550065,0.5384615384615384,0.6411358451096538
40.0,20,0.48429285241820064,0.6,0.5642649094888879
40.0,20,0.3889197809555687,0.5384615384615384,0.6305432300291348
40.0,20,0.5597322317440654,0.6,0.7499375396347909
40.0,20,0.6279722290415722,0.48148148148148145,0.7129626667457287
40.0,20,0.41542238811409027,0.42857142857142855,0.548817807807759
40.0,20,0.6930938282143355,0.6666666666666666,0.8709257585944593
40.0,20,0.5537739062542516,0.6,0.6199103075577884
40.0,20,0.5999108541742577,0.7391304347826086,0.7221194804123081
40.0,20,0.4369864940569958,0.5384615384615384,0.5294844883665292
40.0,20,0.6007328447074984,0.6,0.7623770140520839
40.0,20,0.4723338027353539,0.48148148148148145,0.7694776463298112
40.0,20,0.6203567299829869,0.6,0.8782961980033379
40.0,20,0.534194292940082,0.48148148148148145,0.7619699979551515
40.0,20,0.5901315391457002,0.7391304347826086,0.7138569168295691
40.0,20,0.5611636934371771,0.6,0.629864665320521
40.0,20,0.5098306590197502,0.48148148148148145,0.6161082235140296
40.0,20,0.49368359246312266,0.42857142857142855,0.7754716055609371
40.0,20,0.49461460295419124,0.6,0.6357759550521752
40.0,20,0.6738319855520802,0.7391304347826086,0.9274159196293935
40.0,20,0.4468997620300368,0.6,0.4826352840138122
40.0,20,0.5765900927568356,0.6,0.7638514326073026
40.0,20,0.5640356999254501,0.6,0.703840465247606
40.0,20,0.555935323498605,0.42857142857142855,0.8028305565329443
40.0,20,0.3516856143644951,0.42857142857142855,0.44279988814088855
40.0,20,0.6379397204038256,0.6,0.7789933155337485
40.0,20,0.5555858379776547,0.6,0.7736820530855354
40.0,20,0.49171493078371975,0.5384615384615384,0.771034024033725
40.0,20,0.46743449003434306,0.48148148148148145,0.6506844032152792
40.0,20,0.5110287293708693,0.5384615384615384,0.6528799163581583
40.0,20,0.5474040784908523,0.5384615384615384,0.8270698667257141
40.0,20,0.350836873394887,0.42857142857142855,0.456336647735354
40.0,20,0.3644167707955346,0.42857142857142855,0.5243571348666436
40.0,20,0.6298464531792948,0.6,0.7353912403845072
40.0,20,0.40874091058783235,0.42857142857142855,0.6242453336337747
40.0,20,0.44107526616582216,0.6,0.5691064045936615
0,25,1.0,1.0,1.0
0,25,1.0,1.0,1.0
0,25,1.0,1.0,1.0
0,25,1.0,1.0,1.0
0,25,1.0,1.0,1.0
0,25,1.0,1.0,1.0
0,25,1.0,1.0,1.0
0,25,1.0,1.0,1.0
0,25,1.0,1.0,1.0
0,25,1.0,1.0,1.0
0,25,1.0,1.0,1.0
0,25,1.0,1.0,1.0
0,25,1.0,1.0,1.0
0,25,1.0,1.0,1.0
0,25,1.0,1.0,1.0
0,25,1.0,1.0,1.0
0,25,1.0,1.0,1.0
0,25,1.0,1.0,1.0
0,25,1.0,1.0,1.0
0,25,1.0,1.0,1.0
0,25,1.0,1.0,1.0
0,25,1.0,1.0,1.0
0,25,1.0,1.0,1.0
0,25,1.0,1.0,1.0
0,25,1.0,1.0,1.0
0,25,1.0,1.0,1.0
0,25,1.0,1.0,1.0
0,25,1.0,1.0,1.0
0,25,1.0,1.0,1.0
0,25,1.0,1.0,1.0
0,25,1.0,1.0,1.0
0,25,1.0,1.0,1.0
0,25,1.0,1.0,1.0
0,25,1.0,1.0,1.0
0,25,1.0,1.0,1.0
0,25,1.0,1.0,1.0
0,25,1.0,1.0,1.0
0,25,1.0,1.0,1.0
0,25,1.0,1.0,1.0
0,25,1.0,1.0,1.0
0,25,1.0,1.0,1.0
0,25,1.0,1.0,1.0
0,25,1.0,1.0,1.0
0,25,1.0,1.0,1.0
0,25,1.0,1.0,1.0
0,25,1.0,1.0,1.0
0,25,1.0,1.0,1.0
0,25,1.0,1.0,1.0
0,25,1.0,1.0,1.0
0,25,1.0,1.0,1.0
10.0,25,0.8620212653447813,0.8518518518518519,0.9635901138767415
10.0,25,0.9143916171820982,0.9230769230769231,0.9659619248315768
10.0,25,0.9510191632301735,1.0,0.9879084624737238
10.0,25,0.8650942713393803,0.8518518518518519,0.9770623118232594
10.0,25,0.7102769026460074,0.9230769230769231,0.9042858769022957
10.0,25,0.8220621002731345,0.7241379310344828,0.9110964468182662
10.0,25,0.7312007033633247,0.7857142857142857,0.913827303716487
10.0,25,0.8604239002338515,0.9230769230769231,0.9754732799888901
10.0,25,0.8826879996959892,0.8518518518518519,0.9578676480547907
10.0,25,0.8410186961965204,0.9230769230769231,0.9309614872314984
10.0,25,0.8554999560499673,0.9230769230769231,0.9778746806413452
10.0,25,0.8379889428337157,0.8518518518518519,0.9631402170972181
10.0,25,0.9308759134886865,0.8518518518518519,0.9973752901446478
10.0,25,0.661414377726231,0.9230769230769231,0.799479319351187
10.0,25,0.9496970737521058,0.9230769230769231,0.9981281094228023
10.0,25,0.7646093730040491,0.7857142857142857,0.9531197664672619
10.0,25,0.8217137668339906,0.8518518518518519,0.9721433748832707
10.0,25,0.9544583655931007,0.9230769230769231,0.9988717248565606
10.0,25,0.9442104767780597,0.9230769230769231,0.9979889025906462
10.0,25,0.6817403154595005,0.6666666666666666,0.8134964453852059
10.0,25,0.9795543369187016,0.9230769230769231,0.9999656339157175
10.0,25,0.6254960376613414,0.8518518518518519,0.7705040786300648
10.0,25,0.9659423594170253,1.0,0.9984158859437671
10.0,25,0.5289904040609592,0.7241379310344828,0.6594182974728255
10.0,25,0.915288315312999,0.8518518518518519,0.989507395474505
10.0,25,0.8326990504044908,0.9230769230769231,0.9587271212216024
10.0,25,0.948208227314759,0.9230769230769231,0.9962703702267515
10.0,25,0.946702750038758,0.8518518518518519,0.9973997608052427
10.0,25,0.82526374970015,0.8518518518518519,0.9697958382693652
10.0,25,0.9211580085919304,1.0,0.9845937918777795
10.0,25,0.6578097965523275,0.7241379310344828,0.8145990709811961
10.0,25,0.9230188588174629,0.9230769230769231,0.9824103042145412
10.0,25,0.8134230806916851,0.8518518518518519,0.9498966438602482
10.0,25,0.844300165357084,1.0,0.9648848690275906
10.0,25,0.7926524430698864,0.7857142857142857,0.9706757588005602
10.0,25,0.618923973290079,0.9230769230769231,0.7799942233495387
10.0,25,0.9107278139512536,0.9230769230769231,0.9934004300063874
10.0,25,0.9121929567360979,0.8518518518518519,0.9734509335331796
10.0,25,0.9480447645983225,0.9230769230769231,0.998684101491544
10.0,25,0.869183700884629,0.8518518518518519,0.9523450769961334
10.0,25,0.8368974535847045,0.9230769230769231,0.9699536606378136
10.0,25,0.9064539063475994,0.9230769230769231,0.9953796826740301
10.0,25,0.8373852988216607,0.8518518518518519,0.9777840033903519
10.0,25,0.7964848218836161,0.7857142857142857,0.9833924823407931
10.0,25,0.9192642623315403,0.9230769230769231,0.9841932076532456
10.0,25,0.8116638766475486,0.6666666666666666,0.9720945372611015
10.0,25,0.957393212074107,0.9230769230769231,0.9979744326915616
10.0,25,0.9567736355898894,1.0,0.9898655000256465
10.0,25,0.9352493523110954,0.8518518518518519,0.9927912191060123
10.0,25,0.961383562940609,0.8518518518518519,0.9993638710166901
20.0,25,0.492389904530246,0.6666666666666666,0.6426964826378885
20.0,25,0.7987039198016262,1.0,0.9171393026801379
20.0,25,0.8072387760547113,0.9230769230769231,0.9504784910183242
20.0,25,0.6307013234238367,0.7241379310344828,0.8861730239894363
20.0,25,0.6811185696244253,0.9230769230769231,0.8992157650041789
20.0,25,0.4662202506223496,0.7241379310344828,0.7007922295052633
20.0,25,0.7008267318798018,0.6666666666666666,0.8869683525408764
20.0,25,0.6780930907029492,0.7857142857142857,0.884605788937865
20.0,25,0.7179977545644541,0.8518518518518519,0.9082468084161085
20.0,25,0.7657523180760174,0.8518518518518519,0.9206249524446511
20.0,25,0.5358377416501234,0.7857142857142857,0.6843318508734204
20.0,25,0.709920344073385,0.6666666666666666,0.8846104750348522
20.0,25,0.7152981795118526,0.8518518518518519,0.8426202833514639
20.0,25,0.6440041327598014,0.7857142857142857,0.7926850190183967
20.0,25,0.6080016154816348,0.8518518518518519,0.8164114971189902
20.0,25,0.7376146958996802,0.7857142857142857,0.9674204511956213
20.0,25,0.7146919786156547,0.7857142857142857,0.8539192378036728
20.0,25,0.752278063120875,0.8518518518518519,0.9338561389677345
20.0,25,0.8104360688065186,0.7241379310344828,0.8790445713878936
20.0,25,0.6123767057824605,0.6666666666666666,0.7243253900489165
20.0,25,0.8791335823912277,0.8518518518518519,0.9750295641615945
20.0,25,0.5888697953019149,0.8518518518518519,0.7640919397958814
20.0,25,0.9109834120171977,0.9230769230769231,0.9960639966190669
20.0,25,0.5082279960284435,0.6666666666666666,0.6459197815990111
20.0,25,0.6660058456795236,0.7241379310344828,0.8779404789702656
20.0,25,0.8028462942433672,0.8518518518518519,0.955203450141317
20.0,25,0.9057174948509604,0.8518518518518519,0.9507001965321357
20.0,25,0.8900684908646092,0.7857142857142857,0.9945599559414746
20.0,25,0.7058504940117936,0.7241379310344828,0.8312779785781904
20.0,25,0.8575269492275214,0.7857142857142857,0.9606154187856525
20.0,25,0.651323040789165,0.7241379310344828,0.8448453389099625
20.0,25,0.730033413797639,0.7241379310344828,0.9291396878908313
20.0,25,0.7367541903485524,0.6666666666666666,0.9340571889027615
20.0,25,0.7334805724370415,0.9230769230769231,0.9169556804352755
20.0,25,0.620712639187099,0.6666666666666666,0.7312328608281256
20.0,25,0.6184234469369171,0.8518518518518519,0.7565243430261892
20.0,25,0.8617618296361561,0.8518518518518519,0.9841691688270344
20.0,25,0.8487146217904511,0.8518518518518519,0.9369245302410137
20.0,25,0.7491118112341342,0.7241379310344828,0.8372105346248341
20.0,25,0.7965610811579664,0.7857142857142857,0.8734038961066701
20.0,25,0.7883356530074783,0.8518518518518519,0.9648180473874381
20.0,25,0.7248547183103303,0.7857142857142857,0.9560435207805776
20.0,25,0.773488658106589,0.8518518518518519,0.9304628797712334
20.0,25,0.7504544467432069,0.7857142857142857,0.8811479594755216
20.0,25,0.7676887810786843,0.7241379310344828,0.944380980030109
20.0,25,0.7614670675215436,0.6666666666666666,0.9288371303574032
20.0,25,0.8238101603127973,0.8518518518518519,0.9694389779043022
20.0,25,0.8531387701214572,0.9230769230769231,0.93428054240577
20.0,25,0.7855451208284979,0.8518518518518519,0.8203112065525062
20.0,25,0.7776789769032004,0.6666666666666666,0.9611413467932893
30.0,25,0.4051766407549083,0.6129032258064516,0.5708439539266065
30.0,25,0.7312994722571095,0.9230769230769231,0.9094746637545706
30.0,25,0.7904046357678187,0.8518518518518519,0.9585585424884011
30.0,25,0.5874750853997204,0.6666666666666666,0.7411987974555615
30.0,25,0.7053228651039782,0.8518518518518519,0.9285154591116868
30.0,25,0.4563438181930781,0.6666666666666666,0.6989028636575234
30.0,25,0.6051923713991005,0.6129032258064516,0.7768753911116211
30.0,25,0.5696921741023271,0.7857142857142857,0.8182174425536205
30.0,25,0.6463073858256458,0.8518518518518519,0.8574209616962477
30.0,25,0.7176052961622092,0.8518518518518519,0.9435196057515722
30.0,25,0.5131181277892959,0.7857142857142857,0.6605625925579768
30.0,25,0.6495584417261984,0.6666666666666666,0.8578779356252368
30.0,25,0.6458168465074234,0.7241379310344828,0.8394372270336664
30.0,25,0.5750969314366299,0.7241379310344828,0.758549813512879
30.0,25,0.5642212744987164,0.7857142857142857,0.7147785724263036
30.0,25,0.5758153902335803,0.9230769230769231,0.7099160484212779
30.0,25,0.6267999585254429,0.7241379310344828,0.7974842432495065
30.0,25,0.6689106713885747,0.8518518518518519,0.8115464187288663
30.0,25,0.7825153763069482,0.7857142857142857,0.8550685656528649
30.0,25,0.4903914248851058,0.5625,0.6172913019739126
30.0,25,0.7937267319137091,0.7241379310344828,0.9759567459031514
30.0,25,0.6191626901330868,0.7241379310344828,0.7183303314219208
30.0,25,0.7043091868183343,0.7241379310344828,0.9572020085675648
30.0,25,0.5233405947747075,0.6666666666666666,0.6954956958013604
30.0,25,0.6589501689863162,0.7241379310344828,0.7754724435189918
30.0,25,0.6815801415386171,0.8518518518518519,0.8714746511642965
30.0,25,0.6970793052375359,0.7241379310344828,0.9404820047533025
30.0,25,0.6499796877918371,0.6129032258064516,0.8576540848542233
30.0,25,0.5847455319426662,0.5625,0.7801428251219399
30.0,25,0.7721675763635417,0.7857142857142857,0.8647145148472536
30.0,25,0.5278782758510796,0.6129032258064516,0.701246822096592
30.0,25,0.6205273350943303,0.6666666666666666,0.8383126507437685
30.0,25,0.6144124007263597,0.6129032258064516,0.8883931261739884
30.0,25,0.7074282367233293,0.8518518518518519,0.9497436801509392
30.0,25,0.6056679593831007,0.7241379310344828,0.6979839062890436
30.0,25,0.6823616812753486,0.6666666666666666,0.9056444969924239
30.0,25,0.6659890994297808,0.8518518518518519,0.78090893980701
30.0,25,0.8072023943880102,0.8518518518518519,0.9311074338730745
30.0,25,0.40920182875048255,0.5625,0.5745537695275859
30.0,25,0.6535763245759442,0.6129032258064516,0.8288599834426208
30.0,25,0.7176508714786021,0.7857142857142857,0.9180192493022516
30.0,25,0.6045987057194839,0.7857142857142857,0.7476359936257495
30.0,25,0.6797367237869624,0.7857142857142857,0.791566163570661
30.0,25,0.7243058723648026,0.7857142857142857,0.8687880624544645
30.0,25,0.7311172572441524,0.7241379310344828,0.908818964529275
30.0,25,0.7417990318981074,0.6666666666666666,0.9346022440179524
30.0,25,0.6515414960438562,0.6666666666666666,0.8504411917995479
30.0,25,0.627174905919142,0.7241379310344828,0.7987158424656344
30.0,25,0.5133349195966921,0.6666666666666666,0.6918844378489513
30.0,25,0.634217872437132,0.6129032258064516,0.7945448526327598
40.0,25,0.40033187829566674,0.5625,0.6080599881378792
40.0,25,0.6070891937893192,0.7241379310344828,0.7949949962830315
40.0,25,0.7220332759697679,0.8518518518518519,0.9350372271333287
40.0,25,0.5120689935981442,0.6129032258064516,0.733665919295817
40.0,25,0.6088320121481658,0.6666666666666666,0.8061746108462939
40.0,25,0.41190055829948313,0.6129032258064516,0.6048346501450241
40.0,25,0.5154021903647807,0.5625,0.7453402849470023
40.0,25,0.46603762467397447,0.6666666666666666,0.6993157932084085
40.0,25,0.5678042136533511,0.7241379310344828,0.8851031623757156
40.0,25,0.6090446730758852,0.6666666666666666,0.8883730733161462
40.0,25,0.45116473761000786,0.7241379310344828,0.598056270401399
40.0,25,0.621616217832649,0.6129032258064516,0.8490456310541911
40.0,25,0.4199599668453613,0.5625,0.6166043170171125
40.0,25,0.5427643211255226,0.6129032258064516,0.6818226431425063
40.0,25,0.5031544122813716,0.6666666666666666,0.6187868959017576
40.0,25,0.5291085055658246,0.7857142857142857,0.7027074474644319
40.0,25,0.4069334369834954,0.6129032258064516,0.6615730679753244
40.0,25,0.5907506596208475,0.7241379310344828,0.7861036266472062
40.0,25,0.6793349480673736,0.6666666666666666,0.79028104880506
40.0,25,0.45696474860155967,0.5625,0.6148426771112618
40.0,25,0.6954956137959851,0.6666666666666666,0.8840353560734914
40.0,25,0.5862696716205642,0.7241379310344828,0.6876823879932867
40.0,25,0.6235286782623659,0.8518518518518519,0.7866406409072061
40.0,25,0.44642546820750784,0.5625,0.5465216507709105
40.0,25,0.6024497462216037,0.6129032258064516,0.8410910848530422
40.0,25,0.5222191842716248,0.6666666666666666,0.7959776612373383
40.0,25,0.6505216199492725,0.7241379310344828,0.9261966067703904
40.0,25,0.5848536781724624,0.6666666666666666,0.8073000240955696
40.0,25,0.5599582654255842,0.6129032258064516,0.720336130631718
40.0,25,0.5790086956221513,0.6666666666666666,0.6591240042565554
40.0,25,0.52042550181206,0.5151515151515151,0.7090364461920301
40.0,25,0.5437211006136194,0.6129032258064516,0.7972957973055014
40.0,25,0.49844916876558765,0.6129032258064516,0.6739581222633072
40.0,25,0.6974498096401882,0.8518518518518519,0.9477211311279629
40.0,25,0.46489496833208643,0.6666666666666666,0.5227937198038283
40.0,25,0.5829057380853344,0.6129032258064516,0.7831544913856351
40.0,25,0.5963977884034137,0.7241379310344828,0.7960342554324573
40.0,25,0.6089440338568892,0.6129032258064516,0.7931207557956853
40.0,25,0.4063218663293853,0.6129032258064516,0.5551142401747664
40.0,25,0.6674012765766901,0.7241379310344828,0.8181976706671444
40.0,25,0.5857507279439402,0.7241379310344828,0.8559381482295306
40.0,25,0.5398041168704324,0.7241379310344828,0.6831874203054475
40.0,25,0.5064143142931724,0.6129032258064516,0.6787244051052825
40.0,25,0.556787040057555,0.7241379310344828,0.6580206961682137
40.0,25,0.5816960393067232,0.6666666666666666,0.8866550239981369
40.0,25,0.40469912166366784,0.6129032258064516,0.6161777097273469
40.0,25,0.4052557974895829,0.5625,0.6177532495617731
40.0,25,0.68698199410823,0.8518518518518519,0.8406807856132935
40.0,25,0.4640804963461437,0.6129032258064516,0.6077966045005184
40.0,25,0.45977380626129294,0.6666666666666666,0.6241465499235478
